{"color":{"r":0.9137254901960784,"b":0.3450980392156862,"g":0.3450980392156862,"a":1},"name":"红-Red","category":"颜色 Colors","index":10}