{"color":{"r":0.9647058823529412,"b":0.9686274509803922,"g":0.9647058823529412,"a":1},"name":"灰-Grey-100","category":"颜色 Colors","index":16}