{"color":{"r":0.8431372549019608,"b":0.6039215686274511,"g":0.3686274509803922,"a":1},"name":"粉-Pink","category":"颜色 Colors","index":11}