{"color":{"r":0.8431000000000001,"b":0.6000000000000001,"g":0.3647,"a":1},"name":"粉-Pink","category":"颜色 Colors","index":11}