{"color":{"r":0.2901960784313725,"b":0.8352941176470589,"g":0.5725490196078428,"a":1},"name":"蓝-Blue","category":"颜色 Colors","index":2}