{"color":{"r":0.3176470588235294,"b":0.8117647058823529,"g":0.3764705882352939,"a":1},"name":"靛-Indigo","category":"颜色 Colors","index":1}