{"color":{"r":0.5882000000000001,"b":0.8157000000000001,"g":0.3608,"a":1},"name":"紫-Purple","category":"颜色 Colors","index":0}