{"color":{"r":0.5882352941176471,"b":0.8156862745098039,"g":0.3647058823529412,"a":1},"name":"紫-Purple","category":"颜色 Colors","index":0}