{"color":{"r":0.9725490196078431,"b":0.196078431372549,"g":0.7254901960784313,"a":1},"name":"黄-Yellow","category":"颜色 Colors","index":7}