{"color":{"r":0.2745098039215687,"b":0.3647058823529412,"g":0.3294117647058823,"a":1},"name":"高级灰-BlueGrey","category":"颜色 Colors","index":13}