{"color":{"r":0.8901960784313725,"b":0.9058823529411765,"g":0.9019607843137255,"a":1},"name":"灰-Grey-200","category":"颜色 Colors","index":15}