{"color":{"r":0.3411764705882353,"b":0.8313725490196078,"g":0.780392156862745,"a":1},"name":"青-Cyan","category":"颜色 Colors","index":3}